sample_name	target_base	motif	ctrl_max_base	A_perc	C_perc	G_perc	T_perc	A_sig	C_sig	G_sig	T_sig	A_pvalue	C_pvalue	G_pvalue	T_pvalue	index	ctrl_index	sample_file
Test1	1	AGTAGCTGGGATTACAGATG	A	0.9054726368159204	0.01990049751243781	0.07462686567164178	0	TRUE	FALSE	TRUE	FALSE	1.4116859901259518e-12	0.05548669242261648	0.004359187379711746	0.05491329479769039	259	264	/Users/kluesner/Desktop/Research/For Others/James Thomas/example_analysis/files/RP272_cdna_wt.ab1
Test1	4	AGTAGCTGGGATTACAGATG	A	0.6851851851851852	0.006944444444444444	0.30092592592592593	0.006944444444444444	TRUE	FALSE	TRUE	FALSE	1.2591772462846614e-19	0.06435204309057228	6.521915688477587e-16	0.06652066595576525	262	267	/Users/kluesner/Desktop/Research/For Others/James Thomas/example_analysis/files/RP272_cdna_wt.ab1
Test1	11	AGTAGCTGGGATTACAGATG	A	0.9770674079221682	0.002779708130646282	0.01320361362056984	0.006949270326615705	TRUE	FALSE	FALSE	FALSE	5.522409332547169e-45	0.06708954401384948	0.015460956626201984	0.050562523059363006	269	274	/Users/kluesner/Desktop/Research/For Others/James Thomas/example_analysis/files/RP272_cdna_wt.ab1
Test1	14	AGTAGCTGGGATTACAGATG	A	0.6641949152542372	0.007415254237288136	0.3220338983050847	0.006355932203389831	TRUE	FALSE	TRUE	FALSE	1.0331405856123007e-20	0.060315176313749864	2.0641178467854194e-18	0.06652066595576525	272	277	/Users/kluesner/Desktop/Research/For Others/James Thomas/example_analysis/files/RP272_cdna_wt.ab1
Test1	16	AGTAGCTGGGATTACAGATG	A	0.958984375	0.005859375	0.025390625	0.009765625	TRUE	FALSE	FALSE	FALSE	1.6948459248238188e-16	0.0634339134616986	0.029222207984920628	0.06760646653884868	274	279	/Users/kluesner/Desktop/Research/For Others/James Thomas/example_analysis/files/RP272_cdna_wt.ab1
Test1	18	AGTAGCTGGGATTACAGATG	A	0.9680464778503994	0.004357298474945534	0.020334059549745823	0.007262164124909223	TRUE	FALSE	TRUE	FALSE	1.0507987081056685e-42	0.06435204309057228	0.005519517312526191	0.050562523059363006	276	281	/Users/kluesner/Desktop/Research/For Others/James Thomas/example_analysis/files/RP272_cdna_wt.ab1
Test2	1	AGTAGCTGGGATTACAGATG	A	0.9054726368159204	0.01990049751243781	0.07462686567164178	0	TRUE	FALSE	TRUE	FALSE	1.4116859901259518e-12	0.055648934213325785	0.004363166032244265	0.05507246376811958	259	227	/Users/kluesner/Desktop/Research/For Others/James Thomas/example_analysis/files/RP272_cdna_wt.ab1
Test2	4	AGTAGCTGGGATTACAGATG	A	0.6851851851851852	0.006944444444444444	0.30092592592592593	0.006944444444444444	TRUE	FALSE	TRUE	FALSE	1.2591772462846614e-19	0.06454020695925813	7.042012095178623e-16	0.06640838006200284	262	230	/Users/kluesner/Desktop/Research/For Others/James Thomas/example_analysis/files/RP272_cdna_wt.ab1
Test2	11	AGTAGCTGGGATTACAGATG	A	0.9770674079221682	0.002779708130646282	0.01320361362056984	0.006949270326615705	TRUE	FALSE	FALSE	FALSE	5.522409332547169e-45	0.0672857122712	0.015441204654655814	0.05050702067669048	269	237	/Users/kluesner/Desktop/Research/For Others/James Thomas/example_analysis/files/RP272_cdna_wt.ab1
Test2	14	AGTAGCTGGGATTACAGATG	A	0.6641949152542372	0.007415254237288136	0.3220338983050847	0.006355932203389831	TRUE	FALSE	TRUE	FALSE	1.0331405856123007e-20	0.060491536478409894	2.263641384390194e-18	0.06640838006200284	272	240	/Users/kluesner/Desktop/Research/For Others/James Thomas/example_analysis/files/RP272_cdna_wt.ab1
Test2	16	AGTAGCTGGGATTACAGATG	A	0.958984375	0.005859375	0.025390625	0.009765625	TRUE	FALSE	FALSE	FALSE	1.6948459248238188e-16	0.06361939274082652	0.0291654551426156	0.06749393559800293	274	242	/Users/kluesner/Desktop/Research/For Others/James Thomas/example_analysis/files/RP272_cdna_wt.ab1
Test2	18	AGTAGCTGGGATTACAGATG	A	0.9680464778503994	0.004357298474945534	0.020334059549745823	0.007262164124909223	TRUE	FALSE	TRUE	FALSE	1.0507987081056685e-42	0.06454020695925813	0.0055220399019247825	0.05050702067669048	276	244	/Users/kluesner/Desktop/Research/For Others/James Thomas/example_analysis/files/RP272_cdna_wt.ab1
Test3	1	CGTATTTTTGTTAGAGATGG	A	0.9681978798586572	0	0.022968197879858657	0.0088339222614841	TRUE	FALSE	TRUE	FALSE	9.475498919233843e-34	0.12280701754389035	0.00884004665499385	0.05065863488480297	307	312	/Users/kluesner/Desktop/Research/For Others/James Thomas/example_analysis/files/RP272_cdna_wt.ab1
Test3	10	CGTATTTTTGTTAGAGATGG	A	0.9121387283236995	0	0.08208092485549133	0.005780346820809248	TRUE	FALSE	TRUE	FALSE	1.1871246134152973e-24	0.12280701754389035	1.658795370188664e-4	0.06801591790510804	316	321	/Users/kluesner/Desktop/Research/For Others/James Thomas/example_analysis/files/RP272_cdna_wt.ab1
Test3	12	CGTATTTTTGTTAGAGATGG	A	0.9809372517871326	0.0015885623510722795	0.011119936457505957	0.006354249404289118	TRUE	FALSE	FALSE	FALSE	7.105921064874379e-38	0.05415685577672798	0.024415595066535	0.06007811915139248	318	323	/Users/kluesner/Desktop/Research/For Others/James Thomas/example_analysis/files/RP272_cdna_wt.ab1
Test3	14	CGTATTTTTGTTAGAGATGG	A	0.9760432766615147	0	0.01622874806800618	0.0077279752704791345	TRUE	FALSE	FALSE	FALSE	1.0480207620482442e-38	0.12280701754389035	0.013574457243325958	0.05065863488480297	320	325	/Users/kluesner/Desktop/Research/For Others/James Thomas/example_analysis/files/RP272_cdna_wt.ab1
Test4	1	CGTATTTTTGTTAGAGATGG	A	0.9681978798586572	0	0.022968197879858657	0.0088339222614841	TRUE	FALSE	TRUE	FALSE	9.475498919233843e-34	0.1202346041056215	0.008836312306271073	0.05060348667851145	307	275	/Users/kluesner/Desktop/Research/For Others/James Thomas/example_analysis/files/RP272_cdna_wt.ab1
Test4	10	CGTATTTTTGTTAGAGATGG	A	0.9121387283236995	0	0.08208092485549133	0.005780346820809248	TRUE	FALSE	TRUE	FALSE	1.1871246134152973e-24	0.1202346041056215	1.674303007918303e-4	0.06790348314371436	316	284	/Users/kluesner/Desktop/Research/For Others/James Thomas/example_analysis/files/RP272_cdna_wt.ab1
Test4	12	CGTATTTTTGTTAGAGATGG	A	0.9809372517871326	0.0015885623510722795	0.011119936457505957	0.006354249404289118	TRUE	FALSE	FALSE	FALSE	7.105921064874379e-38	0.05431567353560314	0.024369007871177448	0.059988843726661606	318	286	/Users/kluesner/Desktop/Research/For Others/James Thomas/example_analysis/files/RP272_cdna_wt.ab1
Test4	14	CGTATTTTTGTTAGAGATGG	A	0.9760432766615147	0	0.01622874806800618	0.0077279752704791345	TRUE	FALSE	FALSE	FALSE	1.0480207620482442e-38	0.1202346041056215	0.013558420716269882	0.05060348667851145	320	288	/Users/kluesner/Desktop/Research/For Others/James Thomas/example_analysis/files/RP272_cdna_wt.ab1
Test5	1	AGTAGCTGGGATTACAGATG	A	0.9054726368159204	0.01990049751243781	0.07462686567164178	0	TRUE	FALSE	TRUE	FALSE	1.6702587192466227e-12	0.055137082559890006	0.004369848265579186	0.05698005698005661	259	264	/Users/kluesner/Desktop/Research/For Others/James Thomas/example_analysis/files/RP272_cdna_wt.ab1
Test5	4	AGTAGCTGGGATTACAGATG	A	0.6851851851851852	0.006944444444444444	0.30092592592592593	0.006944444444444444	TRUE	FALSE	TRUE	FALSE	1.725996274014099e-19	0.06421144692082623	6.40267306524198e-16	0.06659019474112791	262	267	/Users/kluesner/Desktop/Research/For Others/James Thomas/example_analysis/files/RP272_cdna_wt.ab1
Test5	11	AGTAGCTGGGATTACAGATG	A	0.9770674079221682	0.002779708130646282	0.01320361362056984	0.006949270326615705	TRUE	FALSE	FALSE	FALSE	1.3007020173859783e-44	0.06734606101753007	0.015500974434786841	0.05057504305192426	269	274	/Users/kluesner/Desktop/Research/For Others/James Thomas/example_analysis/files/RP272_cdna_wt.ab1
Test5	14	AGTAGCTGGGATTACAGATG	A	0.6641949152542372	0.007415254237288136	0.3220338983050847	0.006355932203389831	TRUE	FALSE	TRUE	FALSE	1.4489713847320242e-20	0.06004931414730421	2.0170387768380877e-18	0.06659019474112791	272	277	/Users/kluesner/Desktop/Research/For Others/James Thomas/example_analysis/files/RP272_cdna_wt.ab1
Test5	16	AGTAGCTGGGATTACAGATG	A	0.958984375	0.005859375	0.025390625	0.009765625	TRUE	FALSE	FALSE	FALSE	2.1754417373164145e-16	0.06395406922105534	0.029290860948361343	0.06765939448322114	274	279	/Users/kluesner/Desktop/Research/For Others/James Thomas/example_analysis/files/RP272_cdna_wt.ab1
Test5	18	AGTAGCTGGGATTACAGATG	A	0.9680464778503994	0.004357298474945534	0.020334059549745823	0.007262164124909223	TRUE	FALSE	TRUE	FALSE	2.3566338155441674e-42	0.06421144692082623	0.005533347653009229	0.05057504305192426	276	281	/Users/kluesner/Desktop/Research/For Others/James Thomas/example_analysis/files/RP272_cdna_wt.ab1
Test6	1	AGTAGCTGGGATTACAGATG	A	0.9054726368159204	0.01990049751243781	0.07462686567164178	0	TRUE	FALSE	TRUE	FALSE	1.4116859901259518e-12	0.055648934213325785	0.004363166032244265	0.05507246376811958	259	227	/Users/kluesner/Desktop/Research/For Others/James Thomas/example_analysis/files/RP272_cdna_wt.ab1
Test6	4	AGTAGCTGGGATTACAGATG	A	0.6851851851851852	0.006944444444444444	0.30092592592592593	0.006944444444444444	TRUE	FALSE	TRUE	FALSE	1.2591772462846614e-19	0.06454020695925813	7.042012095178623e-16	0.06640838006200284	262	230	/Users/kluesner/Desktop/Research/For Others/James Thomas/example_analysis/files/RP272_cdna_wt.ab1
Test6	11	AGTAGCTGGGATTACAGATG	A	0.9770674079221682	0.002779708130646282	0.01320361362056984	0.006949270326615705	TRUE	FALSE	FALSE	FALSE	5.522409332547169e-45	0.0672857122712	0.015441204654655814	0.05050702067669048	269	237	/Users/kluesner/Desktop/Research/For Others/James Thomas/example_analysis/files/RP272_cdna_wt.ab1
Test6	14	AGTAGCTGGGATTACAGATG	A	0.6641949152542372	0.007415254237288136	0.3220338983050847	0.006355932203389831	TRUE	FALSE	TRUE	FALSE	1.0331405856123007e-20	0.060491536478409894	2.263641384390194e-18	0.06640838006200284	272	240	/Users/kluesner/Desktop/Research/For Others/James Thomas/example_analysis/files/RP272_cdna_wt.ab1
Test6	16	AGTAGCTGGGATTACAGATG	A	0.958984375	0.005859375	0.025390625	0.009765625	TRUE	FALSE	FALSE	FALSE	1.6948459248238188e-16	0.06361939274082652	0.0291654551426156	0.06749393559800293	274	242	/Users/kluesner/Desktop/Research/For Others/James Thomas/example_analysis/files/RP272_cdna_wt.ab1
Test6	18	AGTAGCTGGGATTACAGATG	A	0.9680464778503994	0.004357298474945534	0.020334059549745823	0.007262164124909223	TRUE	FALSE	TRUE	FALSE	1.0507987081056685e-42	0.06454020695925813	0.0055220399019247825	0.05050702067669048	276	244	/Users/kluesner/Desktop/Research/For Others/James Thomas/example_analysis/files/RP272_cdna_wt.ab1
Test7	1	CGTATTTTTGTTAGAGATGG	A	0.9681978798586572	0	0.022968197879858657	0.0088339222614841	TRUE	FALSE	TRUE	FALSE	1.7012414019254515e-33	0.12643678160920913	0.00884921065508419	0.050671107901494206	307	312	/Users/kluesner/Desktop/Research/For Others/James Thomas/example_analysis/files/RP272_cdna_wt.ab1
Test7	10	CGTATTTTTGTTAGAGATGG	A	0.9121387283236995	0	0.08208092485549133	0.005780346820809248	TRUE	FALSE	TRUE	FALSE	1.771712248011281e-24	0.12643678160920913	1.641137149396622e-4	0.06806736277245404	316	321	/Users/kluesner/Desktop/Research/For Others/James Thomas/example_analysis/files/RP272_cdna_wt.ab1
Test7	12	CGTATTTTTGTTAGAGATGG	A	0.9809372517871326	0.0015885623510722795	0.011119936457505957	0.006354249404289118	TRUE	FALSE	FALSE	FALSE	1.3878566980105243e-37	0.05494891016147073	0.02448621824596788	0.06013263131688223	318	323	/Users/kluesner/Desktop/Research/For Others/James Thomas/example_analysis/files/RP272_cdna_wt.ab1
Test7	14	CGTATTTTTGTTAGAGATGG	A	0.9760432766615147	0	0.01622874806800618	0.0077279752704791345	TRUE	FALSE	FALSE	FALSE	2.0819530422773308e-38	0.12643678160920913	0.013601216082324114	0.050671107901494206	320	325	/Users/kluesner/Desktop/Research/For Others/James Thomas/example_analysis/files/RP272_cdna_wt.ab1
Test8	1	CGTATTTTTGTTAGAGATGG	A	0.9681978798586572	0	0.022968197879858657	0.0088339222614841	TRUE	FALSE	TRUE	FALSE	9.475498919233843e-34	0.1202346041056215	0.008836312306271073	0.05060348667851145	307	275	/Users/kluesner/Desktop/Research/For Others/James Thomas/example_analysis/files/RP272_cdna_wt.ab1
Test8	10	CGTATTTTTGTTAGAGATGG	A	0.9121387283236995	0	0.08208092485549133	0.005780346820809248	TRUE	FALSE	TRUE	FALSE	1.1871246134152973e-24	0.1202346041056215	1.674303007918303e-4	0.06790348314371436	316	284	/Users/kluesner/Desktop/Research/For Others/James Thomas/example_analysis/files/RP272_cdna_wt.ab1
Test8	12	CGTATTTTTGTTAGAGATGG	A	0.9809372517871326	0.0015885623510722795	0.011119936457505957	0.006354249404289118	TRUE	FALSE	FALSE	FALSE	7.105921064874379e-38	0.05431567353560314	0.024369007871177448	0.059988843726661606	318	286	/Users/kluesner/Desktop/Research/For Others/James Thomas/example_analysis/files/RP272_cdna_wt.ab1
Test8	14	CGTATTTTTGTTAGAGATGG	A	0.9760432766615147	0	0.01622874806800618	0.0077279752704791345	TRUE	FALSE	FALSE	FALSE	1.0480207620482442e-38	0.1202346041056215	0.013558420716269882	0.05060348667851145	320	288	/Users/kluesner/Desktop/Research/For Others/James Thomas/example_analysis/files/RP272_cdna_wt.ab1
Test9	1	AGCCCAGGCAAGGGCAGCTT	C	0.033921302578018994	0.9294436906377205	0.013568521031207599	0.023066485753052916	FALSE	TRUE	FALSE	FALSE	0.021293146793901766	3.1546067134366536e-21	0.03872982803411298	0.02665592606102342	169	134	/Users/kluesner/Desktop/Research/For Others/James Thomas/example_analysis/files/4 Round 1_B01.ab1
Test9	2	AGCCCAGGCAAGGGCAGCTT	C	0.010462074978204011	0.972101133391456	8.718395815170009e-4	0.016564952048823016	FALSE	TRUE	FALSE	FALSE	0.03621869956799873	9.053780224448396e-34	0.007927209241169433	0.024847735897317577	170	135	/Users/kluesner/Desktop/Research/For Others/James Thomas/example_analysis/files/4 Round 1_B01.ab1
Test9	3	AGCCCAGGCAAGGGCAGCTT	C	0.023517382413087935	0.9550102249488752	0.003067484662576687	0.018404907975460124	FALSE	TRUE	FALSE	FALSE	0.02429298279075883	1.7450141620403985e-28	0.022397224277306983	0.025764551073130623	171	136	/Users/kluesner/Desktop/Research/For Others/James Thomas/example_analysis/files/4 Round 1_B01.ab1
Test9	7	AGCCCAGGCAAGGGCAGCTT	C	0.041025641025641026	0.30085470085470084	0.03418803418803419	0.6239316239316239	FALSE	TRUE	FALSE	TRUE	0.022777187932508283	1.5422283359240342e-6	0.025499143077819895	1.0854103315294444e-12	175	140	/Users/kluesner/Desktop/Research/For Others/James Thomas/example_analysis/files/4 Round 1_B01.ab1
Test9	13	AGCCCAGGCAAGGGCAGCTT	C	0.02029769959404601	0.9215155615696887	0.02029769959404601	0.037889039242219216	FALSE	TRUE	FALSE	FALSE	0.035098402901195945	4.124297167834422e-21	0.03366545343660925	0.0167041194312405	181	146	/Users/kluesner/Desktop/Research/For Others/James Thomas/example_analysis/files/4 Round 1_B01.ab1
Test9	16	AGCCCAGGCAAGGGCAGCTT	C	0.02875816993464052	0.9098039215686274	0.01568627450980392	0.0457516339869281	FALSE	TRUE	FALSE	FALSE	0.025826661550827936	1.5093749470144933e-21	0.03749072293836053	0.011593264600010375	184	149	/Users/kluesner/Desktop/Research/For Others/James Thomas/example_analysis/files/4 Round 1_B01.ab1
Test10	1	AGCCCAGGCAAGGGCAGCTT	A	0.9468713105076741	0.030696576151121605	0.01652892561983471	0.0059031877213695395	TRUE	FALSE	FALSE	FALSE	6.1718934943518276e-46	0.01633910746360185	0.03511558163970391	0.027240319195479295	167	132	/Users/kluesner/Desktop/Research/For Others/James Thomas/example_analysis/files/4 Round 1_B01.ab1
Test10	6	AGCCCAGGCAAGGGCAGCTT	A	0.9594882729211087	0.023454157782515993	0.01279317697228145	0.0042643923240938165	TRUE	FALSE	FALSE	FALSE	1.1533024917443589e-51	0.019826520571296396	0.03749072293836053	0.0250144024142456	172	137	/Users/kluesner/Desktop/Research/For Others/James Thomas/example_analysis/files/4 Round 1_B01.ab1
Test10	10	AGCCCAGGCAAGGGCAGCTT	A	0.9367977528089888	0.004213483146067416	0.0449438202247191	0.014044943820224719	TRUE	FALSE	FALSE	FALSE	4.6015440659035956e-38	0.028540038807697548	0.010116528361558824	0.030793955024871335	176	141	/Users/kluesner/Desktop/Research/For Others/James Thomas/example_analysis/files/4 Round 1_B01.ab1
Test10	11	AGCCCAGGCAAGGGCAGCTT	A	0.9721115537848606	0.008964143426294821	0.01693227091633466	0.00199203187250996	TRUE	FALSE	FALSE	FALSE	4.10499505663424e-56	0.0316087324924094	0.030482017686994434	0.017665132696377858	177	142	/Users/kluesner/Desktop/Research/For Others/James Thomas/example_analysis/files/4 Round 1_B01.ab1
Test10	16	AGCCCAGGCAAGGGCAGCTT	A	0.9362214199759326	0.015643802647412757	0.030084235860409144	0.018050541516245487	TRUE	FALSE	FALSE	FALSE	1.554991623509257e-44	0.02858288692086657	0.017910217526089123	0.028310773195286146	182	147	/Users/kluesner/Desktop/Research/For Others/James Thomas/example_analysis/files/4 Round 1_B01.ab1
